{
  "total_time_s": 1308.6623837000006,
  "total_papers": 100,
  "success_papers": 100,
  "success_rate": 1.0,
  "total_versions": 150,
  "total_references": 1367,
  "total_references_raw": 3675,
  "total_references_with_metadata": 1367,
  "avg_references_per_paper": 13.67,
  "ref_metadata_success_rate": 0.37197278911564624,
  "avg_time_per_paper_s": 13.009283817000105,
  "peak_rss_bytes": 57729024,
  "avg_tar_size_bytes": 2404187.448051948,
  "avg_final_tex_size_bytes": 136402.97333333333
}