{
  "total_time_s": 3531.7974852000007,
  "total_papers": 500,
  "success_papers": 500,
  "success_rate": 1.0,
  "total_versions": 709,
  "total_references": 7968,
  "total_references_raw": 20287,
  "total_references_with_metadata": 7968,
  "avg_references_per_paper": 15.936,
  "ref_metadata_success_rate": 0.39276383891161826,
  "avg_time_per_paper_s": 6.990816324999974,
  "peak_rss_bytes": 69140480,
  "avg_tar_size_bytes": 4705369.188387097,
  "avg_final_tex_size_bytes": 143316.88575458393
}